CirculatingSupply,MktCapBTC,MktCapUSD,Names,Platform,PricesBTC,PricesUSD,TotalSupply,Vol24BTC,Vol24USD,Marketcap Ratio,Circulating Ratio
" 528,907,000.00 "," 4,987.33 "," 75,134,412.79 ",bitcny,BTS, 0.00000943 , 0.142056 ," 528,907,000.00 "," 3,317.47 "," 49,977,800.00 ",66.518%,100%
" 2,278,150.00 ", 353.91 ," 5,330,005.30 ",unbreakablecoin,, 0.00015535 , 2.339620 ," 2,278,150.00 ", 193.28 ," 2,910,890.00 ",54.613%,100%
" 446,302.59 ", 134.13 ," 2,019,983.39 ",zero,, 0.00030053 , 4.526040 ," 446,302.59 ", 46.73 ," 703,804.00 ",34.842%,100%
" 70,000,000.02 ", 9.10 ," 137,048.80 ",slevin,, 0.00000013 , 0.001958 ," 70,000,000.02 ", 3.16 ," 47,643.90 ",34.764%,100%
" 7,738,634.93 ", 746.37 ," 11,240,522.00 ",magi,, 0.00009645 , 1.452520 ," 7,738,634.93 ", 240.25 ," 3,618,180.00 ",32.189%,100%
" 3,082,940.28 "," 3,219.92 "," 48,493,109.07 ",sphere,, 0.00104443 , 15.729500 ," 3,082,940.28 ", 910.55 ," 13,713,200.00 ",28.279%,100%
" 112,340,006.96 ", 13.48 ," 203,025.35 ",healthywormcoin,, 0.00000012 , 0.001807 ," 112,340,006.96 ", 3.29 ," 49,546.50 ",24.404%,100%
" 4,394,873.80 ", 6.20 ," 93,416.56 ",anarchistsprime,, 0.00000141 , 0.021256 ," 4,394,873.80 ", 1.48 ," 22,326.80 ",23.900%,100%
" 872,830.00 ", 15.59 ," 234,834.91 ",comet,, 0.00001786 , 0.269050 ," 872,830.00 ", 3.48 ," 52,468.70 ",22.343%,100%
" 9,362,087.25 "," 1,488.82 "," 22,422,198.97 ",spreadcoin,, 0.00015903 , 2.395000 ," 9,362,087.25 ", 284.82 ," 4,289,410.00 ",19.130%,100%
" 76,586,808.90 "," 4,352.60 "," 65,551,568.78 ",blackcoin,, 0.00005683 , 0.855912 ," 76,586,808.90 ", 753.10 ," 11,342,000.00 ",17.302%,100%
" 28,395,700.00 "," 2,158.43 "," 32,516,767.94 ",bitusd,BTS, 0.00007601 , 1.145130 ," 28,395,700.00 ", 345.25 ," 5,201,130.00 ",15.995%,100%
" 73,574,003.49 "," 3,248.44 "," 48,922,592.18 ",okcash,, 0.00004415 , 0.664944 ," 73,574,003.49 ", 515.37 ," 7,761,600.00 ",15.865%,100%
" 4,005,012.08 ", 2.36 ," 35,586.94 ",elysium,, 0.00000059 , 0.008886 ," 4,005,012.08 ", 0.34 ," 5,070.42 ",14.248%,100%
" 103,576,926.79 "," 3,056.56 "," 46,032,797.15 ",global-currency-reserve,, 0.00002951 , 0.444431 ," 103,576,926.79 ", 378.40 ," 5,698,890.00 ",12.380%,100%
" 704,882.00 ", 1.07 ," 16,048.89 ",rawcoin2,, 0.00000151 , 0.022768 ," 704,882.00 ", 0.13 ," 1,910.84 ",11.906%,100%
" 6,003,429,665.78 ", 667.92 ," 10,059,166.65 ",linda,, 0.00000011 , 0.001676 ," 6,003,429,665.78 ", 78.86 ," 1,187,600.00 ",11.806%,100%
" 6,268,082.49 ", 857.73 ," 12,917,640.49 ",breakout-stake,, 0.00013684 , 2.060860 ," 6,268,082.49 ", 97.06 ," 1,461,750.00 ",11.316%,100%
" 16,981,140.00 ", 856.27 ," 12,895,732.43 ",syndicate,, 0.00005042 , 0.759415 ," 16,981,140.00 ", 94.85 ," 1,428,460.00 ",11.077%,100%
" 74,107,896.00 ", 112.61 ," 1,695,929.56 ",redcoin,, 0.00000152 , 0.022885 ," 74,107,896.00 ", 11.98 ," 180,371.00 ",10.636%,100%
" 1,673,383.43 ", 213.61 ," 3,216,995.97 ",influxcoin,, 0.00012765 , 1.922450 ," 1,673,383.43 ", 21.16 ," 318,710.00 ",9.907%,100%
" 121,567,380.95 "," 3,345.45 "," 50,383,479.47 ",monetaryunit,, 0.00002752 , 0.414449 ," 121,567,380.95 ", 329.81 ," 4,967,090.00 ",9.859%,100%
" 219,117,471.79 "," 5,353.41 "," 80,624,273.74 ",potcoin,, 0.00002443 , 0.367950 ," 219,117,471.79 ", 500.81 ," 7,542,340.00 ",9.355%,100%
" 116,845,228.00 "," 1,441.41 "," 21,708,090.68 ",dopecoin,, 0.00001234 , 0.185785 ," 116,845,228.00 ", 133.05 ," 2,003,790.00 ",9.231%,100%
" 149,383,010,000.00 "," 1,600.85 "," 24,109,222.75 ",gcoin,, 0.00000001 , 0.000161 ," 149,383,010,000.00 ", 136.21 ," 2,051,350.00 ",8.509%,100%
" 4,400,709.00 ", 845.02 ," 12,726,366.35 ",exclusivecoin,, 0.00019202 , 2.891890 ," 4,400,709.00 ", 71.56 ," 1,077,710.00 ",8.468%,100%
" 3,422,830.43 "," 3,059.56 "," 46,077,800.99 ",radium,, 0.00089387 , 13.461900 ," 3,422,830.43 ", 252.38 ," 3,800,920.00 ",8.249%,100%
" 4,877,123.40 "," 3,087.07 "," 46,492,300.57 ",steem-dollars,, 0.00063297 , 9.532730 ," 4,877,123.40 ", 243.40 ," 3,665,720.00 ",7.885%,100%
" 39,311,825.00 "," 1,360.38 "," 20,487,711.41 ",belacoin,, 0.00003460 , 0.521159 ," 39,311,825.00 ", 107.14 ," 1,613,600.00 ",7.876%,100%
" 1,095,224.00 ", 11.47 ," 172,697.11 ",warp,, 0.00001047 , 0.157682 ," 1,095,224.00 ", 0.88 ," 13,228.00 ",7.660%,100%
" 19,628,888.00 "," 3,586.65 "," 54,032,832.58 ",moeda-loyalty-points,ETH, 0.00018272 , 2.752720 ," 19,628,888.00 ", 271.20 ," 4,085,690.00 ",7.561%,100%
" 32,086,595.26 ", 776.50 ," 11,694,280.51 ",trustplus,, 0.00002420 , 0.364460 ," 32,086,595.26 ", 57.07 ," 859,508.00 ",7.350%,100%
" 16,630,000.00 "," 5,147.65 "," 77,525,401.40 ",pascal-coin,, 0.00030954 , 4.661780 ," 16,630,000.00 ", 376.09 ," 5,664,040.00 ",7.306%,100%
" 44,220,400.29 ", 5.98 ," 90,071.21 ",women,, 0.00000014 , 0.002037 ," 44,220,400.29 ", 0.43 ," 6,439.42 ",7.149%,100%
" 1,438,534.72 ", 658.45 ," 9,916,495.95 ",veriumreserve,, 0.00045772 , 6.893470 ," 1,438,534.72 ", 45.94 ," 691,884.00 ",6.977%,100%
" 10,789,953.71 ", 12.65 ," 190,439.45 ",milocoin,, 0.00000117 , 0.017650 ," 10,789,953.71 ", 0.86 ," 12,897.70 ",6.773%,100%
" 540,261,178.00 "," 2,095.44 "," 31,558,060.09 ",musicoin,, 0.00000388 , 0.058413 ," 540,261,178.00 ", 139.99 ," 2,108,210.00 ",6.680%,100%
" 102,401,595,512.00 ", 417.90 ," 6,293,643.02 ",bunnycoin,, 0.00000000 , 0.000061 ," 102,401,595,512.00 ", 27.59 ," 415,452.00 ",6.601%,100%
" 30,565,410.08 "," 2,495.35 "," 37,580,783.00 ",vericoin,, 0.00008164 , 1.229520 ," 30,565,410.08 ", 162.78 ," 2,451,510.00 ",6.523%,100%
" 63,993,274.89 ", 138.49 ," 2,085,745.61 ",petrodollar,, 0.00000216 , 0.032593 ," 63,993,274.89 ", 8.99 ," 135,452.00 ",6.494%,100%
" 10,815,965.82 ", 567.08 ," 8,540,427.22 ",vtorrent,, 0.00005243 , 0.789613 ," 10,815,965.82 ", 35.61 ," 536,330.00 ",6.280%,100%
" 3,640,510.35 "," 3,163.76 "," 47,647,363.57 ",neoscoin,, 0.00086904 , 13.088100 ," 3,640,510.35 ", 196.15 ," 2,954,010.00 ",6.200%,100%
" 2,149,688.37 ", 371.88 ," 5,600,690.59 ",xios,, 0.00017299 , 2.605350 ," 2,149,688.37 ", 22.43 ," 337,821.00 ",6.032%,100%
" 100,000,000,000.00 ", 21.56 ," 324,847.00 ",dix-asset,NXT, 0.00000000 , 0.000003 ," 100,000,000,000.00 ", 1.30 ," 19,570.90 ",6.025%,100%
" 2,297,232,000.00 "," 2,984.75 "," 44,951,316.88 ",bitbean,, 0.00000130 , 0.019568 ," 2,297,232,000.00 ", 179.63 ," 2,705,350.00 ",6.018%,100%
" 8,658,139.14 "," 1,091.15 "," 16,433,061.50 ",auroracoin,, 0.00012603 , 1.897990 ," 8,658,139.14 ", 61.91 ," 932,422.00 ",5.674%,100%
" 9,952,089.00 ", 402.74 ," 6,067,261.20 ",cryptoping,WAVES, 0.00004047 , 0.609647 ," 9,952,089.00 ", 22.80 ," 343,421.00 ",5.660%,100%
" 6,272,959.00 "," 1,266.87 "," 19,079,455.72 ",transfercoin,, 0.00020196 , 3.041540 ," 6,272,959.00 ", 69.79 ," 1,051,010.00 ",5.509%,100%
" 16,511,828.17 ", 921.23 ," 13,878,422.74 ",creditbit,ETH, 0.00005579 , 0.840514 ," 16,511,828.17 ", 49.65 ," 748,044.00 ",5.390%,100%
" 21,010.10 ", 35.17 ," 529,782.28 ",bitsilver,BTS, 0.00167378 , 25.215600 ," 21,010.10 ", 1.80 ," 27,041.70 ",5.104%,100%
" 30,075,281.43 "," 1,953.59 "," 29,430,888.45 ",elixir,ETH, 0.00006496 , 0.978574 ," 30,075,281.43 ", 98.65 ," 1,486,160.00 ",5.050%,100%
 51.47 , 59.60 ," 897,818.60 ",bitbtc,BTS, 1.15788000 ," 17,443.600000 ", 51.47 , 2.93 ," 44,162.00 ",4.919%,100%
" 2,022,464.89 ", 850.55 ," 12,809,524.06 ",korecoin,, 0.00042055 , 6.333620 ," 2,022,464.89 ", 39.58 ," 596,016.00 ",4.653%,100%
" 24,947,260,808.00 "," 1,256.27 "," 18,919,803.02 ",mintcoin,, 0.00000005 , 0.000758 ," 24,947,260,808.00 ", 57.19 ," 861,344.00 ",4.553%,100%
" 8,015,698.76 "," 2,507.97 "," 37,782,717.53 ",swarm-city,ETH, 0.00031288 , 4.713590 ," 8,015,698.76 ", 112.70 ," 1,697,880.00 ",4.494%,100%
" 132,154,534.41 "," 1,137.47 "," 17,130,663.68 ",pesetacoin,, 0.00000861 , 0.129626 ," 132,154,534.41 ", 49.99 ," 752,821.00 ",4.395%,100%
" 1,134,236,103.79 ", 11.34 ," 170,819.36 ",usde,, 0.00000001 , 0.000151 ," 1,134,236,103.79 ", 0.49 ," 7,371.03 ",4.315%,100%
" 11,821,727.88 ", 17.16 ," 258,456.07 ",printerium,, 0.00000145 , 0.021863 ," 11,821,727.88 ", 0.73 ," 11,042.40 ",4.272%,100%
" 1,541,781,750.00 "," 2,274.16 "," 34,249,602.33 ",myriad,, 0.00000148 , 0.022214 ," 1,541,781,750.00 ", 95.11 ," 1,432,420.00 ",4.182%,100%
" 4,127,241.82 ", 14.19 ," 213,675.98 ",kronecoin,, 0.00000344 , 0.051772 ," 4,127,241.82 ", 0.59 ," 8,936.04 ",4.182%,100%
" 61,537,175.00 ", 21.03 ," 316,780.45 ",virta-unique-coin,, 0.00000034 , 0.005148 ," 61,537,175.00 ", 0.86 ," 12,880.20 ",4.066%,100%
" 1,220,160.95 ", 18.32 ," 275,884.49 ",goldpieces,, 0.00001501 , 0.226105 ," 1,220,160.95 ", 0.72 ," 10,887.80 ",3.947%,100%
" 66,521,586.00 "," 3,170.35 "," 47,761,434.40 ",nexium,ETH, 0.00004766 , 0.717984 ," 66,521,586.00 ", 123.84 ," 1,865,690.00 ",3.906%,100%
" 833,475,106.51 ", 634.22 ," 9,551,541.37 ",bitcoinz,, 0.00000076 , 0.011460 ," 833,475,106.51 ", 24.22 ," 364,780.00 ",3.819%,100%
" 284,332,005.60 ", 30.18 ," 454,493.34 ",kayicoin,, 0.00000011 , 0.001598 ," 284,332,005.60 ", 1.15 ," 17,244.10 ",3.794%,100%
" 420,000.00 ", 2.25 ," 33,903.83 ",xonecoin,, 0.00000536 , 0.080723 ," 420,000.00 ", 0.09 ," 1,284.28 ",3.788%,100%
" 14,491,014,421.20 ", 91.82 ," 1,382,810.85 ",lottocoin,, 0.00000001 , 0.000095 ," 14,491,014,421.20 ", 3.43 ," 51,672.90 ",3.737%,100%
" 27,021,001.00 ", 7.09 ," 106,739.44 ",bnrtxcoin,, 0.00000026 , 0.003950 ," 27,021,001.00 ", 0.26 ," 3,907.26 ",3.661%,100%
" 4,764,026.33 ", 434.90 ," 6,549,773.97 ",parkbyte,, 0.00009129 , 1.374840 ," 4,764,026.33 ", 15.73 ," 236,867.00 ",3.616%,100%
" 852,713.64 ", 55.84 ," 840,915.50 ",litecoin-plus,, 0.00006548 , 0.986164 ," 852,713.64 ", 2.01 ," 30,203.50 ",3.592%,100%
" 792,537,250.00 "," 1,253.12 "," 18,872,372.52 ",artbyte,, 0.00000158 , 0.023813 ," 792,537,250.00 ", 42.47 ," 639,682.00 ",3.390%,100%
" 27,768,739.28 "," 2,639.38 "," 39,749,839.54 ",stealthcoin,, 0.00009505 , 1.431460 ," 27,768,739.28 ", 87.05 ," 1,311,050.00 ",3.298%,100%
" 191,381,257.00 "," 2,295.79 "," 34,586,229.38 ",investfeed,ETH, 0.00001200 , 0.180719 ," 191,381,257.00 ", 75.50 ," 1,137,390.00 ",3.289%,100%
" 6,256,599.98 ", 33.16 ," 499,400.56 ",catcoin,, 0.00000530 , 0.079820 ," 6,256,599.98 ", 1.08 ," 16,260.30 ",3.256%,100%
" 7,344,584.48 ", 204.21 ," 3,075,493.34 ",moin,, 0.00002780 , 0.418743 ," 7,344,584.48 ", 6.63 ," 99,827.00 ",3.246%,100%
" 5,091,199.62 ", 4.53 ," 68,261.28 ",geertcoin,, 0.00000089 , 0.013408 ," 5,091,199.62 ", 0.15 ," 2,204.16 ",3.229%,100%
" 18,547,845.10 ", 12.24 ," 184,362.24 ",doubloon,, 0.00000066 , 0.009940 ," 18,547,845.10 ", 0.40 ," 5,951.65 ",3.228%,100%
" 2,242,500.00 "," 1,100.85 "," 16,579,138.88 ",hush,, 0.00049090 , 7.393150 ," 2,242,500.00 ", 35.24 ," 530,657.00 ",3.201%,100%
" 9,974,465.53 ", 769.03 ," 11,581,850.65 ",europecoin,, 0.00007710 , 1.161150 ," 9,974,465.53 ", 24.46 ," 368,367.00 ",3.181%,100%
" 13,600,388.07 ", 452.17 ," 6,811,971.97 ",darcrus,WAVES, 0.00003325 , 0.500866 ," 13,600,388.07 ", 14.02 ," 211,210.00 ",3.101%,100%
" 107,972,765.66 ", 338.67 ," 5,100,536.27 ",signatum,, 0.00000314 , 0.047239 ," 107,972,765.66 ", 10.40 ," 156,572.00 ",3.070%,100%
" 3,552,345.00 ", 294.37 ," 4,433,255.51 ",ellaism,, 0.00008287 , 1.247980 ," 3,552,345.00 ", 8.96 ," 134,947.00 ",3.044%,100%
" 20,881,985,395.60 ", 210.30 ," 3,167,254.25 ",photon,, 0.00000001 , 0.000152 ," 20,881,985,395.60 ", 6.34 ," 95,467.80 ",3.014%,100%
" 28,279,074.00 ", 45.36 ," 683,174.35 ",marscoin,, 0.00000160 , 0.024158 ," 28,279,074.00 ", 1.31 ," 19,664.80 ",2.878%,100%
" 21,985,890.73 ", 636.90 ," 9,591,960.44 ",terracoin,, 0.00002897 , 0.436278 ," 21,985,890.73 ", 18.27 ," 275,106.00 ",2.868%,100%
" 2,429,126,009.17 ", 48.58 ," 731,669.76 ",digicube,, 0.00000002 , 0.000301 ," 2,429,126,009.17 ", 1.38 ," 20,770.50 ",2.839%,100%
" 390,312,753.15 "," 4,029.32 "," 60,682,704.36 ",gridcoin,, 0.00001032 , 0.155472 ," 390,312,753.15 ", 113.41 ," 1,708,020.00 ",2.815%,100%
" 17,727,750.00 "," 1,581.87 "," 23,823,436.84 ",bitsend,, 0.00008923 , 1.343850 ," 17,727,750.00 ", 44.10 ," 664,229.00 ",2.788%,100%
" 16,632,241.91 "," 4,159.34 "," 62,641,014.76 ",crown,, 0.00025008 , 3.766240 ," 16,632,241.91 ", 114.36 ," 1,722,320.00 ",2.750%,100%
" 15,868,232.70 ", 37.05 ," 557,960.38 ",postcoin,, 0.00000233 , 0.035162 ," 15,868,232.70 ", 1.01 ," 15,271.30 ",2.737%,100%
" 141,081,647.36 "," 2,279.19 "," 34,325,164.80 ",florincoin,, 0.00001616 , 0.243300 ," 141,081,647.36 ", 62.38 ," 939,428.00 ",2.737%,100%
" 10,094,424.29 ", 3.84 ," 57,769.68 ",braincoin,, 0.00000038 , 0.005723 ," 10,094,424.29 ", 0.10 ," 1,580.98 ",2.737%,100%
" 4,195,132.13 ", 21.06 ," 317,097.45 ",cachecoin,, 0.00000502 , 0.075587 ," 4,195,132.13 ", 0.57 ," 8,613.68 ",2.716%,100%
" 11,615,259,246.30 ", 741.26 ," 11,163,657.97 ",earthcoin,, 0.00000006 , 0.000961 ," 11,615,259,246.30 ", 20.01 ," 301,291.00 ",2.699%,100%
" 322,214,524.20 ", 312.90 ," 4,712,419.64 ",fluttercoin,, 0.00000097 , 0.014625 ," 322,214,524.20 ", 8.36 ," 125,879.00 ",2.671%,100%
" 1,414,054,561.52 ", 18.20 ," 274,121.55 ",tekcoin,, 0.00000001 , 0.000194 ," 1,414,054,561.52 ", 0.48 ," 7,261.37 ",2.649%,100%
" 45,277,454.79 "," 1,653.99 "," 24,909,572.86 ",sequence,, 0.00003653 , 0.550154 ," 45,277,454.79 ", 43.42 ," 653,883.00 ",2.625%,100%
" 18,142,082.92 ", 643.91 ," 9,697,560.15 ",breakout,, 0.00003549 , 0.534534 ," 18,142,082.92 ", 16.79 ," 252,840.00 ",2.607%,100%
" 13,563,306.54 ", 95.33 ," 1,435,757.38 ",atomic-coin,, 0.00000703 , 0.105856 ," 13,563,306.54 ", 2.49 ," 37,433.70 ",2.607%,100%
" 22,747,808.50 "," 2,600.76 "," 39,180,597.88 ",databits,XCP, 0.00011433 , 1.722390 ," 22,747,808.50 ", 67.75 ," 1,020,730.00 ",2.605%,100%
" 11,177,496.59 ", 9.05 ," 136,353.16 ",piecoin,, 0.00000081 , 0.012199 ," 11,177,496.59 ", 0.24 ," 3,543.61 ",2.599%,100%
" 4,638,850.00 ", 124.55 ," 1,875,811.77 ",pascal-lite,, 0.00002685 , 0.404370 ," 4,638,850.00 ", 3.22 ," 48,429.80 ",2.582%,100%
" 406,568,580.91 ", 44.58 ," 671,399.22 ",cryptojacks,, 0.00000011 , 0.001651 ," 406,568,580.91 ", 1.14 ," 17,213.90 ",2.564%,100%
" 1,936,279.33 ", 261.40 ," 3,936,726.96 ",bytecent,, 0.00013500 , 2.033140 ," 1,936,279.33 ", 6.67 ," 100,388.00 ",2.550%,100%
" 45,887,217.54 ", 16.21 ," 244,152.12 ",money,, 0.00000035 , 0.005321 ," 45,887,217.54 ", 0.41 ," 6,194.78 ",2.537%,100%
" 519,303,024.12 ", 742.58 ," 11,183,450.28 ",2give,, 0.00000143 , 0.021536 ," 519,303,024.12 ", 18.78 ," 282,851.00 ",2.529%,100%
" 592,893.53 ", 13.57 ," 204,299.25 ",iconic,, 0.00002288 , 0.344580 ," 592,893.53 ", 0.34 ," 5,164.08 ",2.528%,100%
" 710,112.81 "," 1,163.71 "," 17,531,407.10 ",chronobank,ETH, 0.00163877 , 24.688200 ," 710,112.81 ", 29.33 ," 441,813.00 ",2.520%,100%
" 167,366,635.76 ", 155.48 ," 2,341,593.13 ",zetacoin,, 0.00000093 , 0.013991 ," 167,366,635.76 ", 3.92 ," 59,008.50 ",2.520%,100%
" 11,031,022,268.10 ", 654.07 ," 9,850,449.17 ",buzzcoin,, 0.00000006 , 0.000893 ," 11,031,022,268.10 ", 16.03 ," 241,391.00 ",2.451%,100%
" 40,738,260.00 ", 814.70 ," 12,269,589.89 ",goldcoin,, 0.00002000 , 0.301181 ," 40,738,260.00 ", 19.91 ," 299,807.00 ",2.443%,100%
" 15,374,799.10 "," 1,460.76 "," 21,999,492.53 ",vcash,, 0.00009501 , 1.430880 ," 15,374,799.10 ", 35.68 ," 537,379.00 ",2.443%,100%
" 1,251,855,418.00 ", 17.35 ," 261,225.92 ",corgicoin,, 0.00000001 , 0.000209 ," 1,251,855,418.00 ", 0.42 ," 6,369.80 ",2.438%,100%
 1.02 , 62.36 ," 939,516.54 ",bit20,BTS, 61.38190000 ," 924,721.000000 ", 1.02 , 1.50 ," 22,616.10 ",2.407%,100%
" 4,829,945.00 ", 15.30 ," 230,475.32 ",fuzzballs,, 0.00000317 , 0.047718 ," 4,829,945.00 ", 0.37 ," 5,533.54 ",2.401%,100%
" 27,694,378.34 ", 207.23 ," 3,120,879.50 ",digitalcoin,, 0.00000748 , 0.112690 ," 27,694,378.34 ", 4.97 ," 74,910.20 ",2.400%,100%
" 17,483,707.59 ", 98.89 ," 1,489,335.64 ",coinonatx,, 0.00000566 , 0.085184 ," 17,483,707.59 ", 2.33 ," 35,131.90 ",2.359%,100%
" 14,651,140.40 "," 6,308.33 "," 95,005,466.46 ",aeon,, 0.00043057 , 6.484510 ," 14,651,140.40 ", 146.12 ," 2,200,650.00 ",2.316%,100%
" 14,083,450.00 ", 13.85 ," 208,512.52 ",solarflarecoin,, 0.00000098 , 0.014806 ," 14,083,450.00 ", 0.32 ," 4,806.98 ",2.305%,100%
" 19,615,019.31 ", 27.46 ," 413,555.22 ",compucoin,, 0.00000140 , 0.021084 ," 19,615,019.31 ", 0.63 ," 9,475.90 ",2.291%,100%
" 3,978,187,849.10 ", 66.16 ," 996,329.19 ",808coin,, 0.00000002 , 0.000250 ," 3,978,187,849.10 ", 1.51 ," 22,688.10 ",2.277%,100%
" 12,231,221.98 ", 80.58 ," 1,213,545.15 ",gapcoin,, 0.00000659 , 0.099217 ," 12,231,221.98 ", 1.83 ," 27,583.00 ",2.273%,100%
" 104,443.27 "," 1,073.01 "," 16,159,775.91 ",bitcoin-plus,, 0.01027360 , 154.723000 ," 104,443.27 ", 24.32 ," 366,318.00 ",2.267%,100%
" 17,810,058.75 ", 309.85 ," 4,666,466.92 ",unify,, 0.00001740 , 0.262013 ," 17,810,058.75 ", 7.02 ," 105,698.00 ",2.265%,100%
" 21,962,607.83 "," 1,172.66 "," 17,660,660.06 ",primecoin,, 0.00005339 , 0.804124 ," 21,962,607.83 ", 26.20 ," 394,596.00 ",2.234%,100%
" 16,118,163.06 "," 5,253.26 "," 79,115,842.19 ",sibcoin,, 0.00032592 , 4.908490 ," 16,118,163.06 ", 117.03 ," 1,762,490.00 ",2.228%,100%
" 838,715,468.22 ", 774.91 ," 11,670,390.25 ",audiocoin,, 0.00000092 , 0.013915 ," 838,715,468.22 ", 17.15 ," 258,309.00 ",2.213%,100%
" 5,592,742.44 ", 16.95 ," 255,317.64 ",flaxscript,, 0.00000303 , 0.045652 ," 5,592,742.44 ", 0.37 ," 5,625.23 ",2.203%,100%
" 27,520,000.00 ", 22.89 ," 344,690.75 ",globaltoken,, 0.00000083 , 0.012525 ," 27,520,000.00 ", 0.49 ," 7,416.75 ",2.152%,100%
" 3,369,116.00 "," 5,170.21 "," 77,864,987.52 ",geocoin,, 0.00153459 , 23.111400 ," 3,369,116.00 ", 109.98 ," 1,656,300.00 ",2.127%,100%
" 787,126,711.55 ", 119.02 ," 1,792,444.95 ",netcoin,, 0.00000015 , 0.002277 ," 787,126,711.55 ", 2.51 ," 37,819.10 ",2.110%,100%
" 7,127,807.44 ", 28.70 ," 432,176.78 ",chancoin,, 0.00000403 , 0.060633 ," 7,127,807.44 ", 0.60 ," 9,042.02 ",2.092%,100%
" 380,306,369.80 ", 233.88 ," 3,522,329.14 ",cryptonite,, 0.00000061 , 0.009262 ," 380,306,369.80 ", 4.85 ," 73,080.60 ",2.075%,100%
" 23,830,276.22 "," 1,417.27 "," 21,344,516.27 ",curecoin,, 0.00005947 , 0.895689 ," 23,830,276.22 ", 29.31 ," 441,393.00 ",2.068%,100%
" 4,069,196.95 ", 563.79 ," 8,490,827.04 ",bitswift,, 0.00013855 , 2.086610 ," 4,069,196.95 ", 11.65 ," 175,513.00 ",2.067%,100%
" 1,098,146,600.96 "," 1,331.58 "," 20,054,023.78 ",hyperstake,, 0.00000121 , 0.018262 ," 1,098,146,600.96 ", 27.03 ," 407,016.00 ",2.030%,100%
" 23,192,530.61 "," 1,474.03 "," 22,206,361.02 ",bitcrystals,XCP, 0.00006356 , 0.957479 ," 23,192,530.61 ", 29.80 ," 449,011.00 ",2.022%,100%
" 46,016,602.00 "," 2,654.62 "," 39,991,898.37 ",incent,WAVES, 0.00005769 , 0.869075 ," 46,016,625.00 ", 57.69 ," 869,120.00 ",2.173%,100%
" 3,268,314.64 ", 97.34 ," 1,466,368.46 ",billionaire-token,ETH, 0.00002936 , 0.442302 ," 3,315,310.50 ", 2.35 ," 35,397.50 ",2.414%,99%
" 18,834,628.30 "," 1,152.11 "," 17,351,222.68 ",memetic,, 0.00006000 , 0.903621 ," 19,201,880.75 ", 150.18 ," 2,261,700.00 ",13.035%,98%
" 2,160,286,328.70 ", 48.94 ," 736,991.49 ",mutual-coin,, 0.00000002 , 0.000331 ," 2,224,362,908.32 ", 13.67 ," 205,929.00 ",27.942%,97%
" 8,413,426.27 ", 779.71 ," 11,742,667.87 ",magnet,, 0.00009000 , 1.355430 ," 8,663,426.27 ", 21.05 ," 317,005.00 ",2.700%,97%
" 377,239,849.49 "," 1,627.95 "," 24,517,481.95 ",pinkcoin,, 0.00000417 , 0.062827 ," 390,239,849.49 ", 83.13 ," 1,251,890.00 ",5.106%,97%
" 3,295,367.32 "," 2,496.05 "," 37,591,339.25 ",internet-of-people,, 0.00072440 , 10.909700 ," 3,445,680.38 ", 430.57 ," 6,484,580.00 ",17.250%,96%
" 42,424,110.25 ", 13.33 ," 200,712.57 ",neuro,, 0.00000030 , 0.004518 ," 44,424,110.25 ", 0.28 ," 4,247.99 ",2.116%,95%
" 14,457,350.00 ", 568.79 ," 8,566,154.22 ",linx,, 0.00003680 , 0.554180 ," 15,457,350.00 ", 29.48 ," 443,996.00 ",5.183%,94%
" 31,424,688.26 "," 1,087.71 "," 16,381,182.77 ",social-send,, 0.00003236 , 0.487323 ," 33,614,630.88 ", 36.81 ," 554,354.00 ",3.384%,93%
" 92,147,500.00 "," 6,237.73 "," 93,971,700.00 ",trust,ETH, 0.00006238 , 0.939717 ," 100,000,000.00 ", 203.59 ," 3,067,120.00 ",3.264%,92%
" 17,873,502.44 "," 1,249.82 "," 18,828,672.11 ",mywish,ETH, 0.00006311 , 0.950756 ," 19,803,895.12 ", 28.05 ," 422,542.00 ",2.244%,90%
" 109,212,011.15 "," 1,817.46 "," 27,380,093.20 ",suncontract,ETH, 0.00001481 , 0.223133 ," 122,707,502.69 ", 75.95 ," 1,144,200.00 ",4.179%,89%
" 40,592,900.00 ", 108.18 ," 1,629,779.96 ",senderon,ETH, 0.00000237 , 0.035721 ," 45,625,900.00 ", 9.29 ," 139,933.00 ",8.586%,89%
" 88,355,631.00 "," 5,601.00 "," 84,352,900.00 ",elastic,, 0.00005601 , 0.843529 ," 100,000,000.00 ", 251.79 ," 3,792,010.00 ",4.495%,88%
" 886,211,987.68 ", 892.19 ," 13,436,681.53 ",e-dinar-coin,, 0.00000088 , 0.013288 ," 1,011,211,987.68 ", 18.99 ," 285,990.00 ",2.128%,88%
" 18,184,926.50 ", 158.21 ," 2,383,437.00 ",bitcoin-red,ETH, 0.00000753 , 0.113497 ," 21,000,000.00 ", 13.47 ," 202,856.00 ",8.511%,87%
" 900,981.59 "," 3,283.17 "," 49,445,647.84 ",solaris,, 0.00312480 , 47.060500 ," 1,050,682.59 ", 133.96 ," 2,017,530.00 ",4.080%,86%
" 8,623,200.00 ", 37.78 ," 568,929.91 ",coinonat,, 0.00000373 , 0.056201 ," 10,123,200.00 ", 1.25 ," 18,858.00 ",3.315%,85%
" 2,297,853.08 "," 4,764.37 "," 71,775,455.56 ",lunyr,ETH, 0.00176239 , 26.550500 ," 2,703,356.08 ", 171.63 ," 2,585,600.00 ",3.602%,85%
" 77,231,175.53 "," 1,857.63 "," 27,976,446.78 ",cannabiscoin,, 0.00002022 , 0.304558 ," 91,859,175.53 "," 1,119.62 "," 16,861,900.00 ",60.272%,84%
" 1,668,949.47 "," 1,410.98 "," 21,249,934.30 ",bulwark,, 0.00071029 , 10.697200 ," 1,986,495.00 ", 63.50 ," 956,392.00 ",4.501%,84%
" 3,726,780.90 "," 3,666.18 "," 55,231,336.60 ",genesis-vision,ETH, 0.00082634 , 12.448900 ," 4,436,643.93 ", 211.70 ," 3,189,240.00 ",5.774%,84%
" 2,007,615.00 ", 91.86 ," 1,383,872.50 ",zcash-gold,ETH, 0.00003674 , 0.553549 ," 2,500,000.00 ", 3.81 ," 57,349.30 ",4.144%,80%
" 492,532,139.86 ", 9.47 ," 142,606.83 ",b3coin,, 0.00000002 , 0.000232 ," 615,334,425.56 ", 51.34 ," 773,185.00 ",542.180%,80%
" 1,000.00 ", 602.81 ," 9,081,400.00 ",primalbase,WAVES, 0.48225000 ," 7,265.120000 "," 1,250.00 ", 82.60 ," 1,244,310.00 ",13.702%,80%
" 80,000,000.00 ", 434.47 ," 6,545,310.00 ",authorship,ETH, 0.00000434 , 0.065453 ," 100,000,000.00 ", 11.34 ," 170,861.00 ",2.610%,80%
" 175,583,793.00 "," 1,797.70 "," 27,074,057.58 ",bitdeal,, 0.00000819 , 0.123299 ," 219,580,512.23 ", 37.33 ," 562,188.00 ",2.076%,80%
" 33,509,711.00 "," 1,668.97 "," 25,143,090.00 ",ethereum-blue,ETH, 0.00003974 , 0.598645 ," 42,000,000.00 ", 33.56 ," 505,626.00 ",2.011%,80%
" 1,521,491.81 ", 19.26 ," 290,050.21 ",aerium,, 0.00000997 , 0.150200 ," 1,931,093.30 ", 0.75 ," 11,308.40 ",3.899%,79%
" 16,100,860.00 ", 496.85 ," 7,482,727.33 ",e-gulden,, 0.00002409 , 0.362769 ," 20,626,700.00 ", 15.18 ," 228,566.00 ",3.055%,78%
" 643,012,000.00 "," 1,585.38 "," 23,883,806.42 ",voisecom,ETH, 0.00000192 , 0.028930 ," 825,578,000.00 ", 84.88 ," 1,278,740.00 ",5.354%,78%
" 6,999,991.00 "," 2,126.26 "," 32,032,141.17 ",clearpoll,ETH, 0.00023625 , 3.559130 ," 8,999,991.90 ", 47.77 ," 719,717.00 ",2.247%,78%
" 40,081,821.81 "," 1,681.06 "," 25,317,253.08 ",atbcoin,, 0.00003229 , 0.486322 ," 52,058,621.81 ", 231.78 ," 3,490,620.00 ",13.788%,77%
" 42,635,221.10 "," 4,236.84 "," 63,828,405.41 ",stox,ETH, 0.00007246 , 1.091550 ," 58,475,017.56 ", 146.79 ," 2,211,400.00 ",3.465%,73%
" 223,165,675.01 "," 4,747.51 "," 71,499,059.09 ",lomocoin,, 0.00001541 , 0.232015 ," 308,165,675.01 ", 432.98 ," 6,520,840.00 ",9.120%,72%
" 175,109,299.00 "," 5,289.26 "," 79,682,968.59 ",worldcore,ETH, 0.00002157 , 0.324959 ," 245,209,299.00 ", 116.79 ," 1,759,440.00 ",2.208%,71%
" 93,358,791.45 ", 688.17 ," 10,364,057.07 ",interstellar-holdings,, 0.00000518 , 0.077990 ," 132,889,904.44 ", 13.96 ," 210,275.00 ",2.029%,70%
" 321,137,782.25 "," 2,809.68 "," 42,327,911.49 ",kickico,ETH, 0.00000614 , 0.092467 ," 457,760,867.84 ", 136.84 ," 2,061,500.00 ",4.870%,70%
" 49,573,003.50 ", 997.27 ," 15,023,974.87 ",sportyfi,ETH, 0.00001411 , 0.212583 ," 70,673,453.99 ", 26.93 ," 405,687.00 ",2.700%,70%
" 6,247,267.00 "," 1,121.13 "," 16,890,021.54 ",trueflip,ETH, 0.00012562 , 1.892510 ," 8,924,667.00 ", 66.12 ," 996,095.00 ",5.898%,70%
" 140,000,000.00 "," 5,247.62 "," 79,055,800.00 ",mothership,ETH, 0.00002624 , 0.395279 ," 200,000,000.00 ", 105.88 ," 1,595,060.00 ",2.018%,70%
" 70,000,000.00 "," 4,418.15 "," 66,559,631.17 ",patientory,ETH, 0.00004418 , 0.665583 ," 100,002,000.00 ", 408.99 ," 6,161,410.00 ",9.257%,70%
" 15,746,668.29 ", 909.53 ," 13,697,842.45 ",copico,, 0.00003965 , 0.597102 ," 22,940,540.23 ", 45.12 ," 679,516.00 ",4.961%,69%
" 6,731,528.00 ", 689.72 ," 10,390,738.54 ",qvolta,ETH, 0.00006831 , 1.029120 ," 10,096,722.00 ", 18.44 ," 277,738.00 ",2.673%,67%
" 16,500,000.00 "," 6,582.00 "," 99,158,250.00 ",everex,ETH, 0.00026328 , 3.966330 ," 25,000,000.00 "," 1,383.02 "," 20,835,300.00 ",21.012%,66%
" 85,978,873.00 "," 5,717.71 "," 86,137,543.33 ",agrello-delta,ETH, 0.00004389 , 0.661218 ," 130,271,020.04 ", 175.22 ," 2,639,710.00 ",3.065%,66%
" 4,523,098.87 ", 178.80 ," 2,693,701.68 ",crystal-clear,ETH, 0.00002582 , 0.389035 ," 6,924,060.00 ", 12.69 ," 191,120.00 ",7.095%,65%
" 40,000,000.00 "," 6,346.88 "," 95,616,250.00 ",blocktix,ETH, 0.00010155 , 1.529860 ," 62,500,000.00 ", 343.95 ," 5,181,570.00 ",5.419%,64%
" 45,079,785.00 ", 993.96 ," 14,969,377.80 ",startcoin,, 0.00001404 , 0.211485 ," 70,782,220.00 ", 31.26 ," 470,780.00 ",3.145%,64%
" 1,286,337.01 "," 1,061.03 "," 15,979,441.98 ",innova,, 0.00052105 , 7.847150 ," 2,036,337.01 ", 28.09 ," 423,088.00 ",2.648%,63%
" 598,749.55 ", 919.85 ," 13,853,261.44 ",crowdcoin,, 0.00096954 , 14.601600 ," 948,749.55 ", 37.86 ," 570,171.00 ",4.116%,63%
" 1,487,819.03 ", 119.85 ," 1,805,036.96 ",pioneer-coin,, 0.00005029 , 0.757384 ," 2,383,252.03 ", 7.40 ," 111,466.00 ",6.175%,62%
" 405,002,639.00 "," 5,896.06 "," 88,824,501.52 ",snovio,ETH, 0.00000906 , 0.136416 ," 651,129,644.00 ", 484.96 ," 7,305,980.00 ",8.225%,62%
" 318,057,046.08 ", 272.11 ," 4,098,121.35 ",campuscoin,, 0.00000053 , 0.007911 ," 518,057,046.08 ", 17.33 ," 261,019.00 ",6.369%,61%
" 63,258,957.73 "," 3,301.07 "," 49,730,824.00 ",coss,ETH, 0.00003174 , 0.478181 ," 104,000,000.00 ", 76.96 ," 1,159,340.00 ",2.331%,61%
" 3,444,952.55 ", 376.82 ," 5,676,813.62 ",dai,ETH, 0.00006610 , 0.995736 ," 5,701,123.21 ", 35.95 ," 541,531.00 ",9.539%,60%
" 1,524,686.10 ", 19.75 ," 297,420.65 ",beatcoin,, 0.00000782 , 0.117805 ," 2,524,686.10 ", 0.56 ," 8,461.76 ",2.845%,60%
" 14,400,000.01 ", 813.19 ," 12,250,680.00 ",upfiring,ETH, 0.00003388 , 0.510445 ," 24,000,000.01 ", 19.43 ," 292,660.00 ",2.389%,60%
" 12,000,000.00 "," 1,537.54 "," 23,163,200.00 ",aeron,ETH, 0.00007688 , 1.158160 ," 20,000,000.00 ", 301.31 ," 4,539,310.00 ",19.597%,60%
" 600,000.00 ", 530.68 ," 7,994,770.00 ",kolion,WAVES, 0.00053068 , 7.994770 ," 1,000,000.00 ", 83.24 ," 1,254,090.00 ",15.686%,60%
" 6,000,000.00 "," 3,249.35 "," 48,951,700.00 ",aventus,ETH, 0.00032494 , 4.895170 ," 10,000,000.00 ", 139.45 ," 2,100,760.00 ",4.291%,60%
" 19,429,024.22 "," 4,255.81 "," 64,113,952.83 ",mysterium,ETH, 0.00013122 , 1.976790 ," 32,433,365.62 ", 114.10 ," 1,718,960.00 ",2.681%,60%
" 1,296,590.55 "," 5,619.78 "," 84,662,432.79 ",numeraire,ETH, 0.00244701 , 36.864400 ," 2,296,590.55 ", 123.91 ," 1,866,630.00 ",2.205%,56%
" 550,358,603.00 "," 4,096.82 "," 61,718,700.00 ",foldingcoin,XCP, 0.00000410 , 0.061719 ," 1,000,000,000.00 ", 147.31 ," 2,219,220.00 ",3.596%,55%
" 18,582,932.50 "," 5,011.24 "," 75,494,683.70 ",publica,ETH, 0.00014832 , 2.234420 ," 33,787,150.00 ", 166.89 ," 2,514,160.00 ",3.330%,55%
" 33,472,910.75 ", 86.38 ," 1,300,965.85 ",amsterdamcoin,, 0.00000133 , 0.020095 ," 64,740,451.83 ", 1.84 ," 27,696.40 ",2.129%,52%
" 5,100,000.00 ", 19.98 ," 300,986.00 ",exchangen,ETH, 0.00000200 , 0.030099 ," 10,000,000.00 ", 0.95 ," 14,330.20 ",4.761%,51%
" 274,621,750.00 ", 969.59 ," 14,602,380.40 ",dotcoin,, 0.00000180 , 0.027060 ," 539,621,750.00 ", 55.91 ," 842,071.00 ",5.767%,51%
" 1,500,000.00 ", 87.20 ," 1,313,193.03 ",ethereum-dark,, 0.00002887 , 0.434852 ," 3,019,862.00 ", 10.62 ," 160,011.00 ",12.185%,50%
" 3,555,241.99 ", 881.14 ," 13,270,373.01 ",regalcoin,, 0.00011861 , 1.786330 ," 7,428,847.42 ", 40.32 ," 607,279.00 ",4.576%,48%
" 114,744,000.00 "," 1,553.30 "," 23,400,552.00 ",eroscoin,ETH, 0.00000647 , 0.097502 ," 240,000,000.00 ", 44.62 ," 672,264.00 ",2.873%,48%
" 780,124,964.00 ", 23.75 ," 357,717.92 ",vaperscoin,, 0.00000001 , 0.000219 ," 1,635,124,964.00 ", 1.02 ," 15,379.50 ",4.299%,48%
" 1,356,645,469.99 ", 57.13 ," 860,441.61 ",hempcoin-hmp,, 0.00000002 , 0.000301 ," 2,856,645,469.99 ", 1.26 ," 18,948.90 ",2.202%,47%
" 7,906,396.53 "," 6,218.92 "," 93,658,900.82 ",expanse,, 0.00036784 , 5.539850 ," 16,906,396.53 ", 168.66 ," 2,540,130.00 ",2.712%,47%
" 744,265.71 ", 1.02 ," 15,376.14 ",concoin,, 0.00000064 , 0.009639 ," 1,595,265.71 ", 0.02 , 337.83 ,2.197%,47%
" 13,532,750.00 ", 3.43 ," 51,697.86 ",coimatic-2,, 0.00000011 , 0.001716 ," 30,132,750.00 ", 0.08 ," 1,243.04 ",2.404%,45%
" 1,887,926.38 "," 1,598.04 "," 24,067,055.00 ",dynamic,, 0.00034427 , 5.184820 ," 4,641,830.38 ", 178.75 ," 2,691,980.00 ",11.185%,41%
" 45,166,200.00 "," 5,318.79 "," 80,127,758.56 ",blockmason,ETH, 0.00004579 , 0.689813 ," 116,158,667.00 ", 251.86 ," 3,794,300.00 ",4.735%,39%
" 16,559,041.33 ", 78.77 ," 1,186,366.01 ",dfscoin,, 0.00000175 , 0.026363 ," 45,000,834.92 ", 1.66 ," 25,007.10 ",2.108%,37%
" 5,546,754.00 ", 61.12 ," 920,445.57 ",eryllium,, 0.00000393 , 0.059205 ," 15,546,754.00 ", 1.88 ," 28,327.70 ",3.078%,36%
" 20,882,537.84 "," 4,077.14 "," 61,422,600.00 ",blackmoon-crypto,ETH, 0.00006795 , 1.023710 ," 60,000,000.00 ", 116.67 ," 1,757,580.00 ",2.861%,35%
" 115,499,623.42 ", 83.99 ," 1,264,940.35 ",rimbit,, 0.00000021 , 0.003215 ," 393,459,356.42 ", 3.45 ," 51,916.60 ",4.104%,29%
" 16,626.64 ", 3.00 ," 45,153.87 ",enigma,, 0.00004500 , 0.677715 ," 66,626.64 ", 0.36 ," 5,440.74 ",12.049%,25%
" 11,671,310.00 ", 294.55 ," 4,437,460.00 ",network-token,ETH, 0.00000589 , 0.088749 ," 50,000,000.00 ", 6.15 ," 92,670.00 ",2.088%,23%
" 1,148,324.05 ", 18.94 ," 285,281.20 ",argus,, 0.00000365 , 0.054921 ," 5,194,373.05 ", 0.70 ," 10,526.50 ",3.690%,22%
" 771,875.86 "," 2,646.70 "," 39,860,052.57 ",luxcoin,, 0.00070169 , 10.567700 ," 3,771,875.86 ", 73.72 ," 1,110,290.00 ",2.785%,20%
" 12,029,946.51 "," 4,656.58 "," 70,129,543.52 ",nubits,, 0.00006619 , 0.996843 ," 70,351,643.66 ", 284.58 ," 4,285,920.00 ",6.111%,17%
" 28,940,332.97 ", 351.86 ," 5,299,093.93 ",litebitcoin,, 0.00000204 , 0.030704 ," 172,585,873.90 ", 12.64 ," 190,380.00 ",3.593%,17%
" 12,000,000.00 "," 3,066.69 "," 46,185,381.23 ",eboostcoin,, 0.00003067 , 0.461900 ," 99,990,000.50 ", 70.06 ," 1,055,140.00 ",2.285%,12%
" 955,202.33 ", 60.43 ," 910,134.89 ",litecoin-ultra,, 0.00000715 , 0.107642 ," 8,455,202.33 ", 1.87 ," 28,202.10 ",3.099%,11%
" 221,788.85 "," 1,259.77 "," 18,972,490.78 ",sagacoin,, 0.00057754 , 8.697990 ," 2,181,250.01 ", 33.91 ," 510,666.00 ",2.692%,10%
" 486,609,040.00 ", 61.49 ," 926,377.00 ",veros,ETH, 0.00000001 , 0.000093 ," 10,000,000,000.00 ", 3.94 ," 59,364.00 ",6.408%,5%
" 11,834,082.30 ", 621.68 ," 9,362,657.58 ",cybcsec,, 0.00000243 , 0.036597 ," 255,834,082.30 ", 16.76 ," 252,428.00 ",2.696%,5%
" 421,300.00 ", 1.56 ," 23,542.24 ",digital-money-bits,, 0.00000015 , 0.002259 ," 10,421,300.00 ", 0.37 ," 5,612.34 ",23.839%,4%
,,,,,,,,,,,
,,,,,,,,,,,
,,,,,,,,,,,
,,,,,,,,,,,
,,,,,,,,,,,
,,,,,,,,,,,
,,,,,,,,,,,
,,,,,,,,,,,
,,,,,,,,,,,
,,,,,,,,,,,
,,,,,,,,,,,
,,,,,,,,,,,
,,,,,,,,,,,
,,,,,,,,,,,
,,,,,,,,,,,
,,,,,,,,,,,
,,,,,,,,,,,
,,,,,,,,,,,
,,,,,,,,,,,
,,,,,,,,,,,
,,,,,,,,,,,
,,,,,,,,,,,
,,,,,,,,,,,
,,,,,,,,,,,
,,,,,,,,,,,
,,,,,,,,,,,
,,,,,,,,,,,
,,,,,,,,,,,
,,,,,,,,,,,
,,,,,,,,,,,
,,,,,,,,,,,
,,,,,,,,,,,
,,,,,,,,,,,
,,,,,,,,,,,
,,,,,,,,,,,
,,,,,,,,,,,
,,,,,,,,,,,
,,,,,,,,,,,
,,,,,,,,,,,
,,,,,,,,,,,
,,,,,,,,,,,
,,,,,,,,,,,
,,,,,,,,,,,
,,,,,,,,,,,
,,,,,,,,,,,
,,,,,,,,,,,
,,,,,,,,,,,
,,,,,,,,,,,
,,,,,,,,,,,
,,,,,,,,,,,
,,,,,,,,,,,
,,,,,,,,,,,
,,,,,,,,,,,
,,,,,,,,,,,
,,,,,,,,,,,
,,,,,,,,,,,
,,,,,,,,,,,
,,,,,,,,,,,
,,,,,,,,,,,
,,,,,,,,,,,
,,,,,,,,,,,
,,,,,,,,,,,
,,,,,,,,,,,
,,,,,,,,,,,
,,,,,,,,,,,
,,,,,,,,,,,
,,,,,,,,,,,
,,,,,,,,,,,
,,,,,,,,,,,
,,,,,,,,,,,
,,,,,,,,,,,
,,,,,,,,,,,
,,,,,,,,,,,
,,,,,,,,,,,
,,,,,,,,,,,
,,,,,,,,,,,
,,,,,,,,,,,
,,,,,,,,,,,
,,,,,,,,,,,
,,,,,,,,,,,
,,,,,,,,,,,
,,,,,,,,,,,
,,,,,,,,,,,
,,,,,,,,,,,
,,,,,,,,,,,
,,,,,,,,,,,
,,,,,,,,,,,
,,,,,,,,,,,
,,,,,,,,,,,
,,,,,,,,,,,
,,,,,,,,,,,
,,,,,,,,,,,
,,,,,,,,,,,
,,,,,,,,,,,
,,,,,,,,,,,
,,,,,,,,,,,
,,,,,,,,,,,
,,,,,,,,,,,
,,,,,,,,,,,
,,,,,,,,,,,
,,,,,,,,,,,
,,,,,,,,,,,
,,,,,,,,,,,
,,,,,,,,,,,
,,,,,,,,,,,
,,,,,,,,,,,
,,,,,,,,,,,
,,,,,,,,,,,
,,,,,,,,,,,
,,,,,,,,,,,
,,,,,,,,,,,
,,,,,,,,,,,
,,,,,,,,,,,
,,,,,,,,,,,
,,,,,,,,,,,
,,,,,,,,,,,
,,,,,,,,,,,
,,,,,,,,,,,
,,,,,,,,,,,
,,,,,,,,,,,
,,,,,,,,,,,
,,,,,,,,,,,
,,,,,,,,,,,
,,,,,,,,,,,
,,,,,,,,,,,
,,,,,,,,,,,
,,,,,,,,,,,
,,,,,,,,,,,
,,,,,,,,,,,
,,,,,,,,,,,
,,,,,,,,,,,
,,,,,,,,,,,
,,,,,,,,,,,
,,,,,,,,,,,
,,,,,,,,,,,
,,,,,,,,,,,
,,,,,,,,,,,
,,,,,,,,,,,
,,,,,,,,,,,
,,,,,,,,,,,
,,,,,,,,,,,
,,,,,,,,,,,
,,,,,,,,,,,
,,,,,,,,,,,
,,,,,,,,,,,
,,,,,,,,,,,
,,,,,,,,,,,
,,,,,,,,,,,
,,,,,,,,,,,
,,,,,,,,,,,
,,,,,,,,,,,
,,,,,,,,,,,
,,,,,,,,,,,
,,,,,,,,,,,
,,,,,,,,,,,
,,,,,,,,,,,
,,,,,,,,,,,
,,,,,,,,,,,
,,,,,,,,,,,
,,,,,,,,,,,
,,,,,,,,,,,
,,,,,,,,,,,
,,,,,,,,,,,
,,,,,,,,,,,
,,,,,,,,,,,
,,,,,,,,,,,
,,,,,,,,,,,
,,,,,,,,,,,
,,,,,,,,,,,
,,,,,,,,,,,
,,,,,,,,,,,
,,,,,,,,,,,
,,,,,,,,,,,
,,,,,,,,,,,
,,,,,,,,,,,
,,,,,,,,,,,
,,,,,,,,,,,
,,,,,,,,,,,
,,,,,,,,,,,
,,,,,,,,,,,
,,,,,,,,,,,
,,,,,,,,,,,
,,,,,,,,,,,
,,,,,,,,,,,
,,,,,,,,,,,
,,,,,,,,,,,
,,,,,,,,,,,
,,,,,,,,,,,
,,,,,,,,,,,
,,,,,,,,,,,
,,,,,,,,,,,
,,,,,,,,,,,
,,,,,,,,,,,
,,,,,,,,,,,
,,,,,,,,,,,
,,,,,,,,,,,
,,,,,,,,,,,
,,,,,,,,,,,
,,,,,,,,,,,
,,,,,,,,,,,
,,,,,,,,,,,
,,,,,,,,,,,
,,,,,,,,,,,
,,,,,,,,,,,
,,,,,,,,,,,
,,,,,,,,,,,
,,,,,,,,,,,
,,,,,,,,,,,
,,,,,,,,,,,
,,,,,,,,,,,
,,,,,,,,,,,
,,,,,,,,,,,
,,,,,,,,,,,
,,,,,,,,,,,
,,,,,,,,,,,
,,,,,,,,,,,
,,,,,,,,,,,
,,,,,,,,,,,
,,,,,,,,,,,
,,,,,,,,,,,
,,,,,,,,,,,
,,,,,,,,,,,
,,,,,,,,,,,
,,,,,,,,,,,
,,,,,,,,,,,
,,,,,,,,,,,
,,,,,,,,,,,
,,,,,,,,,,,
,,,,,,,,,,,
,,,,,,,,,,,
,,,,,,,,,,,
,,,,,,,,,,,
,,,,,,,,,,,
,,,,,,,,,,,
,,,,,,,,,,,
,,,,,,,,,,,
,,,,,,,,,,,
,,,,,,,,,,,
,,,,,,,,,,,
,,,,,,,,,,,
,,,,,,,,,,,
,,,,,,,,,,,
,,,,,,,,,,,
,,,,,,,,,,,
,,,,,,,,,,,
,,,,,,,,,,,
,,,,,,,,,,,
,,,,,,,,,,,
,,,,,,,,,,,
,,,,,,,,,,,
,,,,,,,,,,,
,,,,,,,,,,,
,,,,,,,,,,,
,,,,,,,,,,,
,,,,,,,,,,,
,,,,,,,,,,,
,,,,,,,,,,,
,,,,,,,,,,,
,,,,,,,,,,,
,,,,,,,,,,,
,,,,,,,,,,,
,,,,,,,,,,,
,,,,,,,,,,,
,,,,,,,,,,,
,,,,,,,,,,,
,,,,,,,,,,,
,,,,,,,,,,,
,,,,,,,,,,,
,,,,,,,,,,,
,,,,,,,,,,,
,,,,,,,,,,,
,,,,,,,,,,,
,,,,,,,,,,,
,,,,,,,,,,,
,,,,,,,,,,,
,,,,,,,,,,,
,,,,,,,,,,,
,,,,,,,,,,,
,,,,,,,,,,,
,,,,,,,,,,,
,,,,,,,,,,,
,,,,,,,,,,,
,,,,,,,,,,,
,,,,,,,,,,,
,,,,,,,,,,,
,,,,,,,,,,,
,,,,,,,,,,,
,,,,,,,,,,,
,,,,,,,,,,,
,,,,,,,,,,,
,,,,,,,,,,,
,,,,,,,,,,,
,,,,,,,,,,,
,,,,,,,,,,,
,,,,,,,,,,,
,,,,,,,,,,,
,,,,,,,,,,,
,,,,,,,,,,,
,,,,,,,,,,,
,,,,,,,,,,,
,,,,,,,,,,,
,,,,,,,,,,,
,,,,,,,,,,,
,,,,,,,,,,,
,,,,,,,,,,,
,,,,,,,,,,,
,,,,,,,,,,,
,,,,,,,,,,,
,,,,,,,,,,,
,,,,,,,,,,,
,,,,,,,,,,,
,,,,,,,,,,,
,,,,,,,,,,,
,,,,,,,,,,,
,,,,,,,,,,,
,,,,,,,,,,,
,,,,,,,,,,,
,,,,,,,,,,,
,,,,,,,,,,,
,,,,,,,,,,,
,,,,,,,,,,,
,,,,,,,,,,,
,,,,,,,,,,,
,,,,,,,,,,,
,,,,,,,,,,,
,,,,,,,,,,,
,,,,,,,,,,,
,,,,,,,,,,,
,,,,,,,,,,,
,,,,,,,,,,,
,,,,,,,,,,,
,,,,,,,,,,,
,,,,,,,,,,,
,,,,,,,,,,,
,,,,,,,,,,,
,,,,,,,,,,,
,,,,,,,,,,,
,,,,,,,,,,,
,,,,,,,,,,,
,,,,,,,,,,,
,,,,,,,,,,,
,,,,,,,,,,,
,,,,,,,,,,,
,,,,,,,,,,,
,,,,,,,,,,,
,,,,,,,,,,,
,,,,,,,,,,,
,,,,,,,,,,,
,,,,,,,,,,,
,,,,,,,,,,,
,,,,,,,,,,,
,,,,,,,,,,,
,,,,,,,,,,,
,,,,,,,,,,,
,,,,,,,,,,,
,,,,,,,,,,,
,,,,,,,,,,,
,,,,,,,,,,,
,,,,,,,,,,,
,,,,,,,,,,,
,,,,,,,,,,,
,,,,,,,,,,,
,,,,,,,,,,,
,,,,,,,,,,,
,,,,,,,,,,,
,,,,,,,,,,,
,,,,,,,,,,,
,,,,,,,,,,,
,,,,,,,,,,,
,,,,,,,,,,,
,,,,,,,,,,,
,,,,,,,,,,,
,,,,,,,,,,,
,,,,,,,,,,,
,,,,,,,,,,,
,,,,,,,,,,,
,,,,,,,,,,,
,,,,,,,,,,,
,,,,,,,,,,,
,,,,,,,,,,,
,,,,,,,,,,,
,,,,,,,,,,,
,,,,,,,,,,,
,,,,,,,,,,,
,,,,,,,,,,,
,,,,,,,,,,,
,,,,,,,,,,,
,,,,,,,,,,,
,,,,,,,,,,,
,,,,,,,,,,,
,,,,,,,,,,,
,,,,,,,,,,,
,,,,,,,,,,,
,,,,,,,,,,,
,,,,,,,,,,,
,,,,,,,,,,,
,,,,,,,,,,,
,,,,,,,,,,,
,,,,,,,,,,,
,,,,,,,,,,,
,,,,,,,,,,,
,,,,,,,,,,,
,,,,,,,,,,,
,,,,,,,,,,,
,,,,,,,,,,,
,,,,,,,,,,,
,,,,,,,,,,,
,,,,,,,,,,,
,,,,,,,,,,,
,,,,,,,,,,,
,,,,,,,,,,,
,,,,,,,,,,,
,,,,,,,,,,,
,,,,,,,,,,,
,,,,,,,,,,,
,,,,,,,,,,,
,,,,,,,,,,,
,,,,,,,,,,,
,,,,,,,,,,,
,,,,,,,,,,,
,,,,,,,,,,,
,,,,,,,,,,,
,,,,,,,,,,,
,,,,,,,,,,,
,,,,,,,,,,,
,,,,,,,,,,,
,,,,,,,,,,,
,,,,,,,,,,,
,,,,,,,,,,,
,,,,,,,,,,,
,,,,,,,,,,,
,,,,,,,,,,,
,,,,,,,,,,,
,,,,,,,,,,,
,,,,,,,,,,,
,,,,,,,,,,,
,,,,,,,,,,,
,,,,,,,,,,,
,,,,,,,,,,,
,,,,,,,,,,,
,,,,,,,,,,,
,,,,,,,,,,,
,,,,,,,,,,,
,,,,,,,,,,,
,,,,,,,,,,,
,,,,,,,,,,,
,,,,,,,,,,,
,,,,,,,,,,,
,,,,,,,,,,,
,,,,,,,,,,,
,,,,,,,,,,,
,,,,,,,,,,,
,,,,,,,,,,,
,,,,,,,,,,,
,,,,,,,,,,,
,,,,,,,,,,,
,,,,,,,,,,,
,,,,,,,,,,,
,,,,,,,,,,,
,,,,,,,,,,,
,,,,,,,,,,,
,,,,,,,,,,,
,,,,,,,,,,,
,,,,,,,,,,,
,,,,,,,,,,,
,,,,,,,,,,,
,,,,,,,,,,,
,,,,,,,,,,,
,,,,,,,,,,,
,,,,,,,,,,,
,,,,,,,,,,,
,,,,,,,,,,,
,,,,,,,,,,,
,,,,,,,,,,,
,,,,,,,,,,,
,,,,,,,,,,,
,,,,,,,,,,,
,,,,,,,,,,,
,,,,,,,,,,,
,,,,,,,,,,,
,,,,,,,,,,,
,,,,,,,,,,,
,,,,,,,,,,,
,,,,,,,,,,,
,,,,,,,,,,,
,,,,,,,,,,,
,,,,,,,,,,,
,,,,,,,,,,,
,,,,,,,,,,,
,,,,,,,,,,,
,,,,,,,,,,,
,,,,,,,,,,,
,,,,,,,,,,,
,,,,,,,,,,,
,,,,,,,,,,,
,,,,,,,,,,,
,,,,,,,,,,,
,,,,,,,,,,,
,,,,,,,,,,,
,,,,,,,,,,,
,,,,,,,,,,,
,,,,,,,,,,,
,,,,,,,,,,,
,,,,,,,,,,,
,,,,,,,,,,,
,,,,,,,,,,,
,,,,,,,,,,,
,,,,,,,,,,,
,,,,,,,,,,,
,,,,,,,,,,,
,,,,,,,,,,,
,,,,,,,,,,,
,,,,,,,,,,,
,,,,,,,,,,,
,,,,,,,,,,,
,,,,,,,,,,,
,,,,,,,,,,,
,,,,,,,,,,,
,,,,,,,,,,,
,,,,,,,,,,,
,,,,,,,,,,,
,,,,,,,,,,,
,,,,,,,,,,,
,,,,,,,,,,,
,,,,,,,,,,,
,,,,,,,,,,,
,,,,,,,,,,,
,,,,,,,,,,,
,,,,,,,,,,,
,,,,,,,,,,,
,,,,,,,,,,,
,,,,,,,,,,,
,,,,,,,,,,,
,,,,,,,,,,,
,,,,,,,,,,,
,,,,,,,,,,,
,,,,,,,,,,,
,,,,,,,,,,,
,,,,,,,,,,,
,,,,,,,,,,,
,,,,,,,,,,,
,,,,,,,,,,,
,,,,,,,,,,,
,,,,,,,,,,,
,,,,,,,,,,,
,,,,,,,,,,,
,,,,,,,,,,,
,,,,,,,,,,,
,,,,,,,,,,,
,,,,,,,,,,,
,,,,,,,,,,,
,,,,,,,,,,,
,,,,,,,,,,,
,,,,,,,,,,,
,,,,,,,,,,,
,,,,,,,,,,,
,,,,,,,,,,,
,,,,,,,,,,,
,,,,,,,,,,,
,,,,,,,,,,,
,,,,,,,,,,,
,,,,,,,,,,,
,,,,,,,,,,,
,,,,,,,,,,,
,,,,,,,,,,,
,,,,,,,,,,,
,,,,,,,,,,,
,,,,,,,,,,,
,,,,,,,,,,,
,,,,,,,,,,,
,,,,,,,,,,,
,,,,,,,,,,,
,,,,,,,,,,,
,,,,,,,,,,,
,,,,,,,,,,,
,,,,,,,,,,,
,,,,,,,,,,,
,,,,,,,,,,,
,,,,,,,,,,,
,,,,,,,,,,,
,,,,,,,,,,,
,,,,,,,,,,,
,,,,,,,,,,,
,,,,,,,,,,,
,,,,,,,,,,,
,,,,,,,,,,,
